CustomerId,Gender,SeniorCitizen,Partner,Dependents
CUST-1000,Male,1,No,Yes
CUST-1001,Male,0,Yes,No
CUST-1002,Male,1,Yes,Yes
CUST-1003,Male,0,No,Yes
CUST-1004,Female,0,Yes,No
CUST-1005,Male,0,No,Yes
CUST-1006,Male,0,No,Yes
CUST-1007,Female,1,No,No
CUST-1008,Male,0,Yes,No
CUST-1009,Female,1,No,No
CUST-1010,Female,0,Yes,Yes
CUST-1011,Male,0,Yes,No
CUST-1012,Male,0,No,No
CUST-1013,Female,0,No,Yes
CUST-1014,Female,0,Yes,No
CUST-1015,Male,0,Yes,Yes
CUST-1016,Female,0,Yes,No
CUST-1017,Male,0,Yes,No
CUST-1018,Female,0,Yes,No
CUST-1019,Female,0,No,No
CUST-1020,Female,1,Yes,Yes
CUST-1021,Female,0,No,No
CUST-1022,Female,0,Yes,No
CUST-1023,Male,0,Yes,Yes
CUST-1024,Male,0,No,No
CUST-1025,Female,0,No,No
CUST-1026,Male,0,Yes,No
CUST-1027,Female,0,No,Yes
CUST-1028,Female,1,Yes,No
CUST-1029,Female,0,Yes,No
CUST-1030,Male,0,No,No
CUST-1031,Male,1,Yes,No
CUST-1032,Male,0,No,Yes
CUST-1033,Female,0,No,Yes
CUST-1034,Male,0,Yes,Yes
CUST-1035,Female,0,Yes,Yes
CUST-1036,Female,0,Yes,Yes
CUST-1037,Female,0,Yes,No
CUST-1038,Female,0,No,No
CUST-1039,Female,1,Yes,Yes
CUST-1040,Male,0,Yes,No
CUST-1041,Male,1,Yes,Yes
CUST-1042,Male,0,Yes,No
CUST-1043,Female,0,Yes,No
CUST-1044,Female,0,No,No
CUST-1045,Male,1,No,No
CUST-1046,Female,0,Yes,No
CUST-1047,Male,1,No,No
CUST-1048,Male,0,Yes,No
CUST-1049,Male,0,No,No
CUST-1050,Male,0,Yes,Yes
CUST-1051,Male,0,Yes,Yes
CUST-1052,Female,0,No,No
CUST-1053,Male,0,No,Yes
CUST-1054,Female,0,No,Yes
CUST-1055,Female,0,Yes,No
CUST-1056,Male,0,Yes,Yes
CUST-1057,Female,0,Yes,Yes
CUST-1058,Male,0,Yes,No
CUST-1059,Male,0,Yes,No
CUST-1060,Male,0,No,No
CUST-1061,Female,0,Yes,No
CUST-1062,Female,0,No,Yes
CUST-1063,Female,0,Yes,Yes
CUST-1064,Male,1,Yes,No
CUST-1065,Male,0,Yes,No
CUST-1066,Female,0,No,No
CUST-1067,Female,0,Yes,No
CUST-1068,Female,0,Yes,No
CUST-1069,Male,0,Yes,No
CUST-1070,Male,0,Yes,No
CUST-1071,Male,0,No,No
CUST-1072,Female,0,Yes,Yes
CUST-1073,Female,0,Yes,Yes
CUST-1074,Male,0,No,Yes
CUST-1075,Female,0,No,No
CUST-1076,Male,1,Yes,No
CUST-1077,Female,0,Yes,No
CUST-1078,Male,0,Yes,No
CUST-1079,Male,0,Yes,No
CUST-1080,Female,0,Yes,No
CUST-1081,Male,0,Yes,No
CUST-1082,Male,0,No,No
CUST-1083,Female,0,Yes,Yes
CUST-1084,Male,0,Yes,No
CUST-1085,Male,0,No,No
CUST-1086,Male,0,Yes,No
CUST-1087,Female,0,No,No
CUST-1088,Female,0,No,No
CUST-1089,Male,0,No,Yes
CUST-1090,Female,1,No,No
CUST-1091,Female,0,Yes,No
CUST-1092,Male,0,No,Yes
CUST-1093,Male,0,Yes,No
CUST-1094,Female,0,Yes,No
CUST-1095,Female,0,No,No
CUST-1096,Female,0,Yes,No
CUST-1097,Female,0,Yes,No
CUST-1098,Female,0,Yes,No
CUST-1099,Male,0,No,No
CUST-1100,Female,0,No,No
CUST-1101,Male,0,No,No
CUST-1102,Female,1,Yes,No
CUST-1103,Male,0,Yes,Yes
CUST-1104,Male,0,Yes,No
CUST-1105,Male,0,No,No
CUST-1106,Male,1,Yes,No
CUST-1107,Male,0,Yes,Yes
CUST-1108,Female,1,Yes,No
CUST-1109,Male,0,No,No
CUST-1110,Female,0,No,No
CUST-1111,Female,0,No,No
CUST-1112,Female,0,Yes,No
CUST-1113,Female,0,No,No
CUST-1114,Female,0,No,Yes
CUST-1115,Female,0,Yes,Yes
CUST-1116,Male,0,Yes,No
CUST-1117,Male,0,No,No
CUST-1118,Female,1,No,No
CUST-1119,Male,0,No,No
CUST-1120,Female,0,No,No
CUST-1121,Female,0,Yes,No
CUST-1122,Female,0,Yes,No
CUST-1123,Female,0,No,No
CUST-1124,Male,0,Yes,Yes
CUST-1125,Female,1,No,Yes
CUST-1126,Female,0,Yes,No
CUST-1127,Female,0,No,Yes
CUST-1128,Female,0,Yes,No
CUST-1129,Male,0,No,Yes
CUST-1130,Male,0,Yes,No
CUST-1131,Male,0,Yes,No
CUST-1132,Male,1,Yes,No
CUST-1133,Male,0,No,No
CUST-1134,Male,0,Yes,No
CUST-1135,Male,0,Yes,No
CUST-1136,Female,0,No,No
CUST-1137,Male,1,Yes,Yes
CUST-1138,Female,0,Yes,No
CUST-1139,Male,0,No,No
CUST-1140,Male,0,No,Yes
CUST-1141,Female,0,Yes,No
CUST-1142,Female,0,No,No
CUST-1143,Female,0,No,No
CUST-1144,Female,0,No,No
CUST-1145,Male,0,Yes,Yes
CUST-1146,Female,0,No,No
CUST-1147,Female,0,No,No
CUST-1148,Male,0,No,No
CUST-1149,Female,0,No,No
CUST-1150,Male,1,No,No
CUST-1151,Male,0,No,No
CUST-1152,Male,1,Yes,No
CUST-1153,Male,0,No,No
CUST-1154,Female,0,No,No
CUST-1155,Female,0,No,Yes
CUST-1156,Male,0,Yes,Yes
CUST-1157,Female,0,No,No
CUST-1158,Male,0,No,Yes
CUST-1159,Male,0,Yes,Yes
CUST-1160,Male,0,Yes,No
CUST-1161,Female,1,Yes,No
CUST-1162,Female,0,No,Yes
CUST-1163,Male,0,No,Yes
CUST-1164,Male,0,Yes,No
CUST-1165,Male,1,No,Yes
CUST-1166,Male,1,No,No
CUST-1167,Male,0,No,No
CUST-1168,Female,0,No,No
CUST-1169,Male,0,Yes,No
CUST-1170,Male,0,No,No
CUST-1171,Male,0,Yes,Yes
CUST-1172,Female,0,No,Yes
CUST-1173,Male,0,No,No
CUST-1174,Female,1,Yes,No
CUST-1175,Male,0,Yes,No
CUST-1176,Female,0,Yes,Yes
CUST-1177,Female,0,No,No
CUST-1178,Female,0,No,No
CUST-1179,Female,0,Yes,No
CUST-1180,Female,0,Yes,Yes
CUST-1181,Male,0,No,No
CUST-1182,Male,0,No,No
CUST-1183,Male,0,No,No
CUST-1184,Female,0,No,No
CUST-1185,Female,0,Yes,No
CUST-1186,Female,0,No,Yes
CUST-1187,Female,0,Yes,No
CUST-1188,Female,0,Yes,No
CUST-1189,Female,0,Yes,No
CUST-1190,Female,0,Yes,No
CUST-1191,Female,0,Yes,Yes
CUST-1192,Male,0,No,No
CUST-1193,Female,1,Yes,No
CUST-1194,Female,0,No,Yes
CUST-1195,Male,0,Yes,No
CUST-1196,Male,0,No,No
CUST-1197,Female,0,No,No
CUST-1198,Male,0,Yes,No
CUST-1199,Male,0,No,No
CUST-1200,Female,0,No,No
CUST-1201,Female,0,No,No
CUST-1202,Female,0,No,No
CUST-1203,Female,0,No,No
CUST-1204,Male,0,Yes,No
CUST-1205,Female,1,No,No
CUST-1206,Female,0,Yes,No
CUST-1207,Male,1,No,No
CUST-1208,Female,1,No,Yes
CUST-1209,Male,0,Yes,Yes
CUST-1210,Female,0,No,No
CUST-1211,Female,0,No,No
CUST-1212,Female,0,Yes,No
CUST-1213,Male,0,No,No
CUST-1214,Male,0,Yes,No
CUST-1215,Male,0,No,No
CUST-1216,Male,0,Yes,Yes
CUST-1217,Female,0,Yes,No
CUST-1218,Male,0,Yes,No
CUST-1219,Female,0,Yes,No
CUST-1220,Male,0,No,No
CUST-1221,Male,0,No,No
CUST-1222,Male,1,No,No
CUST-1223,Female,0,No,No
CUST-1224,Female,0,Yes,No
CUST-1225,Female,1,No,No
CUST-1226,Female,0,No,Yes
CUST-1227,Female,0,Yes,No
CUST-1228,Female,0,No,No
CUST-1229,Male,0,No,Yes
CUST-1230,Male,0,Yes,No
CUST-1231,Male,0,No,Yes
CUST-1232,Female,0,Yes,No
CUST-1233,Female,0,Yes,Yes
CUST-1234,Female,0,No,No
CUST-1235,Female,0,No,No
CUST-1236,Female,0,No,No
CUST-1237,Female,0,Yes,No
CUST-1238,Male,0,No,No
CUST-1239,Female,1,No,Yes
CUST-1240,Male,0,No,No
CUST-1241,Female,1,Yes,No
CUST-1242,Female,0,Yes,No
CUST-1243,Female,0,No,No
CUST-1244,Male,1,Yes,No
CUST-1245,Female,1,Yes,No
CUST-1246,Male,0,No,No
CUST-1247,Female,0,Yes,No
CUST-1248,Male,0,No,No
CUST-1249,Female,1,No,Yes
CUST-1250,Female,0,No,Yes
CUST-1251,Female,0,No,Yes
CUST-1252,Female,0,Yes,No
CUST-1253,Female,1,Yes,No
CUST-1254,Male,1,No,Yes
CUST-1255,Male,0,Yes,Yes
CUST-1256,Male,0,Yes,No
CUST-1257,Male,0,Yes,Yes
CUST-1258,Male,0,No,No
CUST-1259,Male,0,Yes,Yes
CUST-1260,Female,0,Yes,No
CUST-1261,Male,0,Yes,Yes
CUST-1262,Female,0,Yes,No
CUST-1263,Female,0,Yes,No
CUST-1264,Male,0,Yes,No
CUST-1265,Female,0,Yes,Yes
CUST-1266,Female,0,No,No
CUST-1267,Female,0,No,Yes
CUST-1268,Male,0,Yes,Yes
CUST-1269,Female,0,No,No
CUST-1270,Female,0,No,Yes
CUST-1271,Male,0,Yes,No
CUST-1272,Male,0,No,No
CUST-1273,Male,0,No,No
CUST-1274,Female,0,No,Yes
CUST-1275,Male,1,Yes,No
CUST-1276,Female,0,Yes,No
CUST-1277,Female,0,No,No
CUST-1278,Female,0,Yes,No
CUST-1279,Female,0,Yes,Yes
CUST-1280,Female,0,Yes,No
CUST-1281,Female,1,No,No
CUST-1282,Female,0,Yes,No
CUST-1283,Female,1,No,No
CUST-1284,Female,0,No,Yes
CUST-1285,Male,0,No,Yes
CUST-1286,Male,1,Yes,No
CUST-1287,Female,0,No,No
CUST-1288,Female,0,Yes,No
CUST-1289,Male,1,Yes,No
CUST-1290,Female,0,No,No
CUST-1291,Female,0,Yes,No
CUST-1292,Male,0,Yes,Yes
CUST-1293,Female,0,No,Yes
CUST-1294,Female,0,Yes,Yes
CUST-1295,Female,0,Yes,No
CUST-1296,Female,0,Yes,No
CUST-1297,Female,0,No,No
CUST-1298,Male,0,No,Yes
CUST-1299,Male,0,No,No
CUST-1300,Female,0,No,No
CUST-1301,Female,0,No,Yes
CUST-1302,Female,0,No,No
CUST-1303,Female,1,Yes,Yes
CUST-1304,Female,0,No,No
CUST-1305,Female,0,Yes,Yes
CUST-1306,Male,0,Yes,No
CUST-1307,Female,0,Yes,Yes
CUST-1308,Male,0,Yes,No
CUST-1309,Male,0,No,No
CUST-1310,Female,0,No,No
CUST-1311,Female,1,Yes,No
CUST-1312,Female,0,Yes,No
CUST-1313,Male,0,No,Yes
CUST-1314,Female,0,Yes,No
CUST-1315,Male,0,No,No
CUST-1316,Male,0,Yes,No
CUST-1317,Female,0,Yes,No
CUST-1318,Female,0,Yes,No
CUST-1319,Male,1,No,No
CUST-1320,Male,0,No,No
CUST-1321,Female,0,Yes,No
CUST-1322,Female,1,Yes,No
CUST-1323,Female,0,Yes,No
CUST-1324,Male,0,No,No
CUST-1325,Female,1,Yes,No
CUST-1326,Female,0,No,No
CUST-1327,Male,0,No,No
CUST-1328,Male,0,Yes,No
CUST-1329,Female,0,No,Yes
CUST-1330,Male,1,No,No
CUST-1331,Male,0,Yes,No
CUST-1332,Male,0,Yes,Yes
CUST-1333,Male,0,Yes,No
CUST-1334,Male,0,No,No
CUST-1335,Female,0,Yes,No
CUST-1336,Female,0,Yes,No
CUST-1337,Female,0,No,No
CUST-1338,Female,0,Yes,No
CUST-1339,Male,0,Yes,No
CUST-1340,Female,0,Yes,No
CUST-1341,Male,0,Yes,Yes
CUST-1342,Male,0,Yes,No
CUST-1343,Male,0,No,No
CUST-1344,Female,1,No,Yes
CUST-1345,Male,0,Yes,No
CUST-1346,Male,0,No,No
CUST-1347,Male,1,No,No
CUST-1348,Male,0,No,No
CUST-1349,Male,0,Yes,Yes
CUST-1350,Male,0,No,Yes
CUST-1351,Female,0,Yes,Yes
CUST-1352,Female,0,No,Yes
CUST-1353,Female,0,Yes,No
CUST-1354,Male,0,No,No
CUST-1355,Female,0,No,Yes
CUST-1356,Male,0,No,Yes
CUST-1357,Male,0,No,Yes
CUST-1358,Female,0,No,No
CUST-1359,Female,0,No,Yes
CUST-1360,Male,0,No,Yes
CUST-1361,Female,0,Yes,No
CUST-1362,Female,0,No,No
CUST-1363,Male,1,No,Yes
CUST-1364,Male,1,Yes,No
CUST-1365,Female,0,No,No
CUST-1366,Female,0,Yes,Yes
CUST-1367,Male,0,No,Yes
CUST-1368,Female,0,No,No
CUST-1369,Female,0,Yes,No
CUST-1370,Female,0,No,No
CUST-1371,Female,1,Yes,No
CUST-1372,Female,1,No,No
CUST-1373,Female,0,No,Yes
CUST-1374,Female,0,Yes,No
CUST-1375,Female,0,No,Yes
CUST-1376,Male,1,No,No
CUST-1377,Male,0,Yes,No
CUST-1378,Female,1,Yes,Yes
CUST-1379,Female,0,Yes,No
CUST-1380,Female,0,No,No
CUST-1381,Male,0,No,No
CUST-1382,Female,0,Yes,Yes
CUST-1383,Male,0,No,No
CUST-1384,Male,0,No,No
CUST-1385,Male,0,No,No
CUST-1386,Female,0,Yes,No
CUST-1387,Female,0,No,No
CUST-1388,Female,0,Yes,No
CUST-1389,Female,0,Yes,No
CUST-1390,Male,0,Yes,Yes
CUST-1391,Male,0,Yes,No
CUST-1392,Male,0,No,No
CUST-1393,Male,0,Yes,Yes
CUST-1394,Female,0,No,No
CUST-1395,Female,0,Yes,Yes
CUST-1396,Female,0,No,No
CUST-1397,Female,1,Yes,No
CUST-1398,Male,0,Yes,No
CUST-1399,Male,0,Yes,No
CUST-1400,Male,0,No,No
CUST-1401,Female,0,No,Yes
CUST-1402,Female,0,Yes,No
CUST-1403,Male,0,Yes,Yes
CUST-1404,Female,0,Yes,No
CUST-1405,Male,1,No,No
CUST-1406,Female,0,Yes,No
CUST-1407,Female,0,No,No
CUST-1408,Female,0,Yes,No
CUST-1409,Male,0,No,No
CUST-1410,Female,0,No,No
CUST-1411,Female,0,No,No
CUST-1412,Male,0,Yes,No
CUST-1413,Female,1,No,Yes
CUST-1414,Male,1,No,No
CUST-1415,Female,0,Yes,No
CUST-1416,Female,0,Yes,No
CUST-1417,Female,0,No,No
CUST-1418,Male,0,No,No
CUST-1419,Male,0,Yes,Yes
CUST-1420,Female,0,No,Yes
CUST-1421,Male,0,No,Yes
CUST-1422,Female,0,No,No
CUST-1423,Female,1,Yes,No
CUST-1424,Female,1,No,No
CUST-1425,Female,0,Yes,Yes
CUST-1426,Male,0,No,No
CUST-1427,Female,0,Yes,No
CUST-1428,Female,0,Yes,Yes
CUST-1429,Female,0,No,Yes
CUST-1430,Male,0,No,Yes
CUST-1431,Female,0,No,No
CUST-1432,Female,0,Yes,No
CUST-1433,Male,0,No,No
CUST-1434,Male,0,No,No
CUST-1435,Male,0,No,Yes
CUST-1436,Female,1,Yes,Yes
CUST-1437,Male,0,No,No
CUST-1438,Male,0,Yes,No
CUST-1439,Female,0,Yes,No
CUST-1440,Male,0,No,No
CUST-1441,Female,0,No,No
CUST-1442,Female,0,No,No
CUST-1443,Male,0,No,No
CUST-1444,Male,0,No,No
CUST-1445,Male,0,No,No
CUST-1446,Female,0,No,Yes
CUST-1447,Female,0,No,No
CUST-1448,Male,0,No,No
CUST-1449,Male,0,No,No
CUST-1450,Female,0,No,No
CUST-1451,Female,1,Yes,Yes
CUST-1452,Male,0,Yes,Yes
CUST-1453,Female,0,Yes,No
CUST-1454,Male,1,Yes,No
CUST-1455,Female,0,Yes,No
CUST-1456,Female,0,Yes,No
CUST-1457,Male,0,Yes,No
CUST-1458,Male,0,Yes,No
CUST-1459,Male,0,Yes,No
CUST-1460,Female,0,Yes,No
CUST-1461,Female,0,Yes,Yes
CUST-1462,Male,0,No,Yes
CUST-1463,Female,0,Yes,No
CUST-1464,Female,0,Yes,No
CUST-1465,Female,0,Yes,Yes
CUST-1466,Female,0,Yes,Yes
CUST-1467,Female,0,No,Yes
CUST-1468,Male,0,Yes,No
CUST-1469,Male,1,No,Yes
CUST-1470,Female,0,No,No
CUST-1471,Male,0,No,No
CUST-1472,Male,0,No,No
CUST-1473,Female,0,No,No
CUST-1474,Female,0,Yes,Yes
CUST-1475,Male,0,No,No
CUST-1476,Female,0,No,No
CUST-1477,Male,0,Yes,No
CUST-1478,Female,1,Yes,Yes
CUST-1479,Male,0,Yes,Yes
CUST-1480,Female,1,Yes,No
CUST-1481,Female,1,No,No
CUST-1482,Female,1,No,No
CUST-1483,Male,0,No,No
CUST-1484,Female,0,Yes,No
CUST-1485,Male,1,No,No
CUST-1486,Male,0,Yes,No
CUST-1487,Female,1,No,Yes
CUST-1488,Male,0,No,No
CUST-1489,Female,0,No,No
CUST-1490,Male,0,No,Yes
CUST-1491,Female,0,Yes,No
CUST-1492,Male,0,No,No
CUST-1493,Female,0,Yes,Yes
CUST-1494,Female,1,Yes,No
CUST-1495,Male,1,No,No
CUST-1496,Male,0,Yes,Yes
CUST-1497,Male,0,Yes,Yes
CUST-1498,Male,0,Yes,No
CUST-1499,Male,1,No,Yes
CUST-1500,Female,0,No,Yes
CUST-1501,Male,0,Yes,No
CUST-1502,Female,1,Yes,No
CUST-1503,Female,0,Yes,No
CUST-1504,Female,0,No,No
CUST-1505,Female,1,No,Yes
CUST-1506,Female,0,Yes,No
CUST-1507,Male,0,Yes,No
CUST-1508,Female,0,Yes,No
CUST-1509,Female,0,Yes,No
CUST-1510,Female,1,Yes,Yes
CUST-1511,Female,0,Yes,No
CUST-1512,Male,0,Yes,No
CUST-1513,Female,0,Yes,Yes
CUST-1514,Male,0,Yes,No
CUST-1515,Female,0,Yes,No
CUST-1516,Male,0,No,No
CUST-1517,Female,0,No,No
CUST-1518,Female,0,No,No
CUST-1519,Female,0,No,No
CUST-1520,Male,0,Yes,No
CUST-1521,Male,0,No,Yes
CUST-1522,Male,0,No,No
CUST-1523,Male,0,No,Yes
CUST-1524,Female,0,No,No
CUST-1525,Female,0,No,Yes
CUST-1526,Male,0,Yes,No
CUST-1527,Male,0,No,Yes
CUST-1528,Male,1,Yes,Yes
CUST-1529,Female,0,No,No
CUST-1530,Male,1,No,Yes
CUST-1531,Female,0,No,Yes
CUST-1532,Female,0,Yes,Yes
CUST-1533,Male,0,Yes,Yes
CUST-1534,Female,0,No,No
CUST-1535,Male,0,No,No
CUST-1536,Male,0,Yes,Yes
CUST-1537,Male,0,Yes,Yes
CUST-1538,Female,0,No,Yes
CUST-1539,Male,0,Yes,No
CUST-1540,Female,0,No,No
CUST-1541,Male,0,Yes,Yes
CUST-1542,Female,0,Yes,No
CUST-1543,Female,0,Yes,Yes
CUST-1544,Female,1,Yes,No
CUST-1545,Female,0,No,Yes
CUST-1546,Male,0,No,No
CUST-1547,Female,0,Yes,No
CUST-1548,Male,0,No,Yes
CUST-1549,Female,0,Yes,No
CUST-1550,Female,0,No,Yes
CUST-1551,Female,0,No,No
CUST-1552,Female,0,No,No
CUST-1553,Female,1,No,No
CUST-1554,Male,1,Yes,No
CUST-1555,Male,0,No,No
CUST-1556,Male,1,No,No
CUST-1557,Female,1,Yes,Yes
CUST-1558,Female,0,No,Yes
CUST-1559,Male,0,Yes,No
CUST-1560,Female,0,Yes,Yes
CUST-1561,Female,0,Yes,No
CUST-1562,Male,0,Yes,Yes
CUST-1563,Female,0,Yes,Yes
CUST-1564,Female,0,No,No
CUST-1565,Male,0,Yes,No
CUST-1566,Female,0,Yes,No
CUST-1567,Male,0,No,No
CUST-1568,Female,0,No,No
CUST-1569,Female,0,Yes,No
CUST-1570,Male,0,Yes,No
CUST-1571,Female,0,No,No
CUST-1572,Male,0,No,No
CUST-1573,Female,0,Yes,No
CUST-1574,Male,0,Yes,No
CUST-1575,Female,0,Yes,No
CUST-1576,Female,0,Yes,No
CUST-1577,Female,0,Yes,No
CUST-1578,Male,0,Yes,No
CUST-1579,Female,1,No,No
CUST-1580,Female,0,No,No
CUST-1581,Male,1,Yes,No
CUST-1582,Female,0,Yes,No
CUST-1583,Female,0,No,No
CUST-1584,Female,1,Yes,Yes
CUST-1585,Male,0,No,No
CUST-1586,Male,0,Yes,No
CUST-1587,Female,0,Yes,Yes
CUST-1588,Male,0,No,No
CUST-1589,Male,0,No,No
CUST-1590,Female,0,No,No
CUST-1591,Female,1,Yes,Yes
CUST-1592,Female,0,Yes,No
CUST-1593,Male,0,Yes,No
CUST-1594,Female,0,Yes,No
CUST-1595,Male,0,No,No
CUST-1596,Male,0,No,No
CUST-1597,Male,0,Yes,No
CUST-1598,Male,0,Yes,No
CUST-1599,Female,0,No,No
CUST-1600,Female,0,No,No
CUST-1601,Female,0,No,No
CUST-1602,Female,0,Yes,No
CUST-1603,Female,1,No,Yes
CUST-1604,Female,0,No,No
CUST-1605,Male,0,No,Yes
CUST-1606,Male,0,No,Yes
CUST-1607,Male,0,No,No
CUST-1608,Female,0,No,Yes
CUST-1609,Female,0,No,No
CUST-1610,Female,0,No,No
CUST-1611,Male,0,Yes,Yes
CUST-1612,Female,0,No,Yes
CUST-1613,Female,0,No,No
CUST-1614,Male,0,No,No
CUST-1615,Female,0,Yes,No
CUST-1616,Female,0,No,Yes
CUST-1617,Male,0,Yes,No
CUST-1618,Female,0,Yes,No
CUST-1619,Male,0,Yes,Yes
CUST-1620,Female,0,No,Yes
CUST-1621,Male,0,Yes,No
CUST-1622,Female,0,Yes,No
CUST-1623,Female,0,No,No
CUST-1624,Male,1,No,No
CUST-1625,Female,0,Yes,No
CUST-1626,Male,0,No,No
CUST-1627,Female,0,No,No
CUST-1628,Female,0,Yes,No
CUST-1629,Female,0,No,No
CUST-1630,Female,0,Yes,No
CUST-1631,Male,0,No,No
CUST-1632,Female,0,No,Yes
CUST-1633,Female,0,No,Yes
CUST-1634,Female,0,Yes,No
CUST-1635,Female,0,Yes,Yes
CUST-1636,Female,1,Yes,No
CUST-1637,Male,0,No,Yes
CUST-1638,Male,0,No,Yes
CUST-1639,Female,1,No,Yes
CUST-1640,Female,0,Yes,Yes
CUST-1641,Female,0,Yes,No
CUST-1642,Male,0,Yes,Yes
CUST-1643,Male,1,Yes,No
CUST-1644,Female,1,No,No
CUST-1645,Female,0,No,Yes
CUST-1646,Female,1,Yes,Yes
CUST-1647,Female,0,Yes,No
CUST-1648,Male,0,Yes,Yes
CUST-1649,Male,0,Yes,No
CUST-1650,Male,0,Yes,No
CUST-1651,Female,0,Yes,No
CUST-1652,Male,0,No,No
CUST-1653,Female,0,Yes,Yes
CUST-1654,Male,0,No,No
CUST-1655,Male,0,No,Yes
CUST-1656,Male,0,No,No
CUST-1657,Male,0,Yes,Yes
CUST-1658,Male,0,Yes,No
CUST-1659,Female,1,No,No
CUST-1660,Male,0,Yes,Yes
CUST-1661,Male,1,Yes,Yes
CUST-1662,Male,0,No,No
CUST-1663,Female,0,No,Yes
CUST-1664,Male,0,No,Yes
CUST-1665,Male,0,Yes,No
CUST-1666,Female,0,Yes,No
CUST-1667,Female,0,Yes,Yes
CUST-1668,Male,0,Yes,No
CUST-1669,Male,0,Yes,Yes
CUST-1670,Male,0,Yes,No
CUST-1671,Female,0,No,Yes
CUST-1672,Male,0,No,No
CUST-1673,Male,0,Yes,No
CUST-1674,Female,0,Yes,Yes
CUST-1675,Male,0,No,Yes
CUST-1676,Male,0,No,No
CUST-1677,Male,0,Yes,Yes
CUST-1678,Male,0,No,No
CUST-1679,Male,0,Yes,No
CUST-1680,Female,0,Yes,No
CUST-1681,Female,0,Yes,No
CUST-1682,Male,0,Yes,Yes
CUST-1683,Male,0,Yes,No
CUST-1684,Female,0,No,No
CUST-1685,Female,1,Yes,Yes
CUST-1686,Female,0,Yes,No
CUST-1687,Female,0,Yes,No
CUST-1688,Male,1,No,Yes
CUST-1689,Female,0,Yes,No
CUST-1690,Male,0,No,No
CUST-1691,Female,1,Yes,No
CUST-1692,Male,0,Yes,No
CUST-1693,Male,1,Yes,No
CUST-1694,Female,0,No,No
CUST-1695,Male,0,Yes,No
CUST-1696,Female,1,Yes,No
CUST-1697,Male,0,No,No
CUST-1698,Female,0,No,No
CUST-1699,Female,0,Yes,Yes
CUST-1700,Male,1,Yes,No
CUST-1701,Female,0,No,No
CUST-1702,Male,0,No,Yes
CUST-1703,Male,1,No,No
CUST-1704,Male,0,No,Yes
CUST-1705,Male,0,No,No
CUST-1706,Female,0,Yes,Yes
CUST-1707,Female,0,Yes,Yes
CUST-1708,Male,0,Yes,Yes
CUST-1709,Male,0,Yes,Yes
CUST-1710,Female,0,Yes,No
CUST-1711,Female,0,Yes,Yes
CUST-1712,Male,0,No,No
CUST-1713,Male,0,No,Yes
CUST-1714,Female,1,No,No
CUST-1715,Female,0,No,No
CUST-1716,Male,0,Yes,Yes
CUST-1717,Female,0,Yes,No
CUST-1718,Male,0,No,No
CUST-1719,Female,1,No,No
CUST-1720,Female,0,Yes,No
CUST-1721,Male,0,No,No
CUST-1722,Female,0,No,No
CUST-1723,Male,1,Yes,Yes
CUST-1724,Female,1,No,No
CUST-1725,Male,0,Yes,Yes
CUST-1726,Male,0,Yes,No
CUST-1727,Male,0,No,No
CUST-1728,Male,0,No,No
CUST-1729,Female,0,Yes,No
CUST-1730,Female,0,Yes,No
CUST-1731,Male,0,No,No
CUST-1732,Male,0,Yes,Yes
CUST-1733,Male,1,No,Yes
CUST-1734,Male,0,No,No
CUST-1735,Female,1,Yes,No
CUST-1736,Male,0,No,No
CUST-1737,Female,0,No,No
CUST-1738,Female,0,Yes,No
CUST-1739,Female,0,No,No
CUST-1740,Male,0,No,Yes
CUST-1741,Male,0,No,Yes
CUST-1742,Male,0,No,No
CUST-1743,Male,0,No,No
CUST-1744,Male,0,Yes,No
CUST-1745,Male,0,Yes,Yes
CUST-1746,Female,0,Yes,No
CUST-1747,Female,0,No,Yes
CUST-1748,Male,0,Yes,No
CUST-1749,Male,0,No,No
CUST-1750,Female,0,No,No
CUST-1751,Female,1,No,No
CUST-1752,Male,0,Yes,No
CUST-1753,Male,0,No,Yes
CUST-1754,Male,1,Yes,No
CUST-1755,Male,0,Yes,No
CUST-1756,Female,0,No,No
CUST-1757,Male,0,No,Yes
CUST-1758,Male,0,Yes,No
CUST-1759,Female,0,No,Yes
CUST-1760,Male,0,No,Yes
CUST-1761,Female,1,Yes,Yes
CUST-1762,Female,0,Yes,Yes
CUST-1763,Female,0,No,No
CUST-1764,Female,0,No,No
CUST-1765,Female,1,No,Yes
CUST-1766,Female,0,No,Yes
CUST-1767,Female,0,Yes,No
CUST-1768,Male,1,Yes,Yes
CUST-1769,Female,0,No,No
CUST-1770,Male,0,No,No
CUST-1771,Female,0,No,No
CUST-1772,Male,0,Yes,No
CUST-1773,Male,0,Yes,Yes
CUST-1774,Female,0,Yes,No
CUST-1775,Male,1,No,Yes
CUST-1776,Female,0,Yes,No
CUST-1777,Female,0,Yes,Yes
CUST-1778,Female,0,No,No
CUST-1779,Male,0,No,Yes
CUST-1780,Male,1,Yes,No
CUST-1781,Male,0,No,No
CUST-1782,Female,0,No,No
CUST-1783,Female,1,No,No
CUST-1784,Female,1,No,No
CUST-1785,Male,0,No,No
CUST-1786,Male,0,No,No
CUST-1787,Female,0,Yes,No
CUST-1788,Male,1,No,No
CUST-1789,Female,0,No,No
CUST-1790,Male,0,Yes,No
CUST-1791,Female,0,No,No
CUST-1792,Male,1,No,Yes
CUST-1793,Male,0,Yes,No
CUST-1794,Male,1,Yes,No
CUST-1795,Male,0,No,No
CUST-1796,Male,0,Yes,No
CUST-1797,Female,0,No,No
CUST-1798,Female,0,No,No
CUST-1799,Male,0,No,Yes
CUST-1800,Male,0,Yes,No
CUST-1801,Female,0,Yes,No
CUST-1802,Male,0,Yes,No
CUST-1803,Male,0,No,No
CUST-1804,Female,0,No,No
CUST-1805,Female,0,No,No
CUST-1806,Female,0,Yes,No
CUST-1807,Female,0,No,Yes
CUST-1808,Male,0,No,No
CUST-1809,Female,0,No,No
CUST-1810,Female,0,Yes,No
CUST-1811,Female,0,Yes,No
CUST-1812,Female,0,No,No
CUST-1813,Female,0,Yes,No
CUST-1814,Male,0,Yes,No
CUST-1815,Female,0,No,No
CUST-1816,Male,0,Yes,Yes
CUST-1817,Female,1,No,No
CUST-1818,Male,0,No,No
CUST-1819,Male,0,No,No
CUST-1820,Female,0,No,No
CUST-1821,Male,0,Yes,No
CUST-1822,Male,0,No,No
CUST-1823,Female,1,Yes,Yes
CUST-1824,Male,0,No,Yes
CUST-1825,Male,0,No,No
CUST-1826,Male,0,Yes,Yes
CUST-1827,Female,0,Yes,No
CUST-1828,Male,0,Yes,Yes
CUST-1829,Female,0,No,No
CUST-1830,Female,0,Yes,No
CUST-1831,Female,0,No,No
CUST-1832,Male,1,Yes,No
CUST-1833,Male,0,No,No
CUST-1834,Male,0,No,Yes
CUST-1835,Male,0,No,No
CUST-1836,Female,0,Yes,No
CUST-1837,Female,0,Yes,Yes
CUST-1838,Female,1,Yes,No
CUST-1839,Male,0,Yes,No
CUST-1840,Male,1,Yes,No
CUST-1841,Female,0,Yes,No
CUST-1842,Male,0,Yes,Yes
CUST-1843,Male,0,No,Yes
CUST-1844,Female,0,Yes,Yes
CUST-1845,Male,0,Yes,No
CUST-1846,Female,0,Yes,No
CUST-1847,Male,0,Yes,Yes
CUST-1848,Male,0,Yes,No
CUST-1849,Male,0,No,Yes
CUST-1850,Male,0,Yes,No
CUST-1851,Female,0,Yes,Yes
CUST-1852,Male,0,No,Yes
CUST-1853,Male,0,Yes,No
CUST-1854,Male,0,Yes,No
CUST-1855,Female,0,Yes,Yes
CUST-1856,Male,0,No,No
CUST-1857,Female,0,Yes,Yes
CUST-1858,Male,1,Yes,No
CUST-1859,Male,0,No,No
CUST-1860,Female,0,Yes,No
CUST-1861,Female,0,No,No
CUST-1862,Female,0,No,No
CUST-1863,Female,0,Yes,Yes
CUST-1864,Male,0,Yes,Yes
CUST-1865,Female,0,No,Yes
CUST-1866,Female,0,Yes,No
CUST-1867,Male,0,No,Yes
CUST-1868,Female,0,Yes,Yes
CUST-1869,Female,1,Yes,No
CUST-1870,Female,0,Yes,No
CUST-1871,Male,0,No,Yes
CUST-1872,Male,1,Yes,No
CUST-1873,Female,0,Yes,Yes
CUST-1874,Female,0,No,No
CUST-1875,Male,0,No,No
CUST-1876,Male,1,No,No
CUST-1877,Female,1,No,No
CUST-1878,Male,0,Yes,Yes
CUST-1879,Female,1,Yes,No
CUST-1880,Female,0,Yes,No
CUST-1881,Female,0,No,No
CUST-1882,Male,0,No,No
CUST-1883,Female,0,No,No
CUST-1884,Male,1,Yes,Yes
CUST-1885,Female,0,No,No
CUST-1886,Female,0,Yes,No
CUST-1887,Female,1,No,Yes
CUST-1888,Male,0,No,Yes
CUST-1889,Male,0,Yes,No
CUST-1890,Male,0,Yes,No
CUST-1891,Female,0,Yes,No
CUST-1892,Male,0,Yes,No
CUST-1893,Female,0,No,No
CUST-1894,Male,0,Yes,No
CUST-1895,Male,1,No,No
CUST-1896,Female,0,Yes,Yes
CUST-1897,Female,0,No,No
CUST-1898,Male,0,No,No
CUST-1899,Female,0,Yes,Yes
CUST-1900,Female,0,Yes,No
CUST-1901,Male,0,No,No
CUST-1902,Female,0,No,No
CUST-1903,Female,0,No,No
CUST-1904,Male,1,Yes,Yes
CUST-1905,Male,0,Yes,No
CUST-1906,Female,1,Yes,No
CUST-1907,Female,0,Yes,No
CUST-1908,Female,1,Yes,No
CUST-1909,Female,0,No,No
CUST-1910,Male,0,No,No
CUST-1911,Female,0,Yes,Yes
CUST-1912,Female,0,No,No
CUST-1913,Female,0,Yes,No
CUST-1914,Male,0,Yes,No
CUST-1915,Male,0,Yes,No
CUST-1916,Male,0,No,Yes
CUST-1917,Female,1,No,Yes
CUST-1918,Female,0,Yes,Yes
CUST-1919,Female,0,No,No
CUST-1920,Female,1,No,No
CUST-1921,Male,0,Yes,No
CUST-1922,Female,1,Yes,No
CUST-1923,Female,0,No,Yes
CUST-1924,Female,0,Yes,Yes
CUST-1925,Female,0,Yes,No
CUST-1926,Female,0,Yes,No
CUST-1927,Female,1,No,No
CUST-1928,Female,0,No,No
CUST-1929,Male,0,Yes,No
CUST-1930,Male,0,Yes,No
CUST-1931,Male,0,Yes,No
CUST-1932,Female,0,Yes,No
CUST-1933,Female,0,Yes,No
CUST-1934,Male,1,No,Yes
CUST-1935,Male,1,No,No
CUST-1936,Male,0,No,No
CUST-1937,Female,0,Yes,No
CUST-1938,Male,0,Yes,No
CUST-1939,Male,0,Yes,No
CUST-1940,Male,0,No,No
CUST-1941,Female,0,No,No
CUST-1942,Male,0,Yes,Yes
CUST-1943,Female,0,No,No
CUST-1944,Male,0,No,No
CUST-1945,Male,0,Yes,Yes
CUST-1946,Male,0,No,No
CUST-1947,Male,0,No,Yes
CUST-1948,Male,0,Yes,No
CUST-1949,Female,0,Yes,No
CUST-1950,Male,0,No,No
CUST-1951,Male,0,Yes,Yes
CUST-1952,Male,0,No,No
CUST-1953,Female,1,Yes,Yes
CUST-1954,Male,0,No,No
CUST-1955,Female,0,No,No
CUST-1956,Male,0,No,No
CUST-1957,Female,0,No,Yes
CUST-1958,Male,0,No,Yes
CUST-1959,Female,1,No,No
CUST-1960,Female,0,No,No
CUST-1961,Male,0,Yes,No
CUST-1962,Male,0,Yes,Yes
CUST-1963,Male,0,Yes,No
CUST-1964,Male,0,No,No
CUST-1965,Male,0,No,No
CUST-1966,Female,0,Yes,No
CUST-1967,Male,0,No,Yes
CUST-1968,Male,0,Yes,No
CUST-1969,Male,0,Yes,No
CUST-1970,Male,0,Yes,No
CUST-1971,Female,0,Yes,Yes
CUST-1972,Female,0,No,No
CUST-1973,Male,0,No,No
CUST-1974,Female,0,Yes,No
CUST-1975,Female,1,No,No
CUST-1976,Female,0,Yes,No
CUST-1977,Female,0,Yes,No
CUST-1978,Female,0,Yes,No
CUST-1979,Female,0,No,No
CUST-1980,Female,0,Yes,No
CUST-1981,Male,0,Yes,Yes
CUST-1982,Female,0,Yes,Yes
CUST-1983,Male,0,No,No
CUST-1984,Male,0,No,No
CUST-1985,Male,0,No,Yes
CUST-1986,Male,1,Yes,Yes
CUST-1987,Male,0,Yes,Yes
CUST-1988,Female,0,No,No
CUST-1989,Male,0,No,No
CUST-1990,Male,0,No,No
CUST-1991,Male,0,No,No
CUST-1992,Male,0,No,Yes
CUST-1993,Female,0,Yes,Yes
CUST-1994,Female,1,Yes,Yes
CUST-1995,Female,0,Yes,Yes
CUST-1996,Male,0,Yes,Yes
CUST-1997,Male,0,Yes,No
CUST-1998,Female,0,No,No
CUST-1999,Female,0,No,No
CUST-2000,Female,0,Yes,No
CUST-2001,Female,0,Yes,No
CUST-2002,Male,0,No,Yes
CUST-2003,Male,0,Yes,No
CUST-2004,Male,0,No,No
CUST-2005,Female,0,Yes,Yes
CUST-2006,Female,0,No,No
CUST-2007,Female,0,No,No
CUST-2008,Female,0,No,Yes
CUST-2009,Female,0,No,No
CUST-2010,Female,0,Yes,No
CUST-2011,Female,0,Yes,Yes
CUST-2012,Female,0,Yes,Yes
CUST-2013,Male,0,Yes,No
CUST-2014,Female,1,No,Yes
CUST-2015,Male,0,No,No
CUST-2016,Female,0,No,No
CUST-2017,Male,0,Yes,No
CUST-2018,Female,1,No,Yes
CUST-2019,Male,0,Yes,No
CUST-2020,Male,0,Yes,No
CUST-2021,Female,0,No,No
CUST-2022,Male,0,Yes,No
CUST-2023,Female,0,No,No
CUST-2024,Female,0,Yes,No
CUST-2025,Female,0,No,Yes
CUST-2026,Male,0,No,No
CUST-2027,Male,0,No,No
CUST-2028,Female,0,No,No
CUST-2029,Male,0,No,No
CUST-2030,Male,0,No,Yes
CUST-2031,Male,0,Yes,No
CUST-2032,Female,0,Yes,No
CUST-2033,Female,0,Yes,No
CUST-2034,Female,1,Yes,No
CUST-2035,Female,0,No,Yes
CUST-2036,Male,0,Yes,Yes
CUST-2037,Male,0,Yes,Yes
CUST-2038,Male,0,No,Yes
CUST-2039,Male,1,Yes,No
CUST-2040,Female,0,Yes,No
CUST-2041,Female,0,No,No
CUST-2042,Female,0,No,No
CUST-2043,Male,1,No,No
CUST-2044,Male,0,No,No
CUST-2045,Male,0,Yes,No
CUST-2046,Female,0,Yes,Yes
CUST-2047,Male,0,Yes,No
CUST-2048,Female,0,No,Yes
CUST-2049,Female,0,No,No
CUST-2050,Female,0,No,No
CUST-2051,Female,0,No,Yes
CUST-2052,Male,0,Yes,No
CUST-2053,Female,0,No,No
CUST-2054,Male,1,Yes,No
CUST-2055,Male,0,No,Yes
CUST-2056,Female,0,No,Yes
CUST-2057,Male,0,Yes,Yes
CUST-2058,Female,0,Yes,No
CUST-2059,Female,0,No,No
CUST-2060,Female,0,No,Yes
CUST-2061,Male,0,Yes,No
CUST-2062,Female,0,No,No
CUST-2063,Female,0,No,No
CUST-2064,Female,0,Yes,No
CUST-2065,Female,0,No,No
CUST-2066,Male,1,No,Yes
CUST-2067,Female,0,No,No
CUST-2068,Female,0,No,No
CUST-2069,Female,0,No,No
CUST-2070,Male,0,Yes,No
CUST-2071,Female,0,Yes,Yes
CUST-2072,Female,1,Yes,No
CUST-2073,Female,0,Yes,No
CUST-2074,Male,1,Yes,Yes
CUST-2075,Female,0,Yes,No
CUST-2076,Female,0,Yes,No
CUST-2077,Male,1,No,No
CUST-2078,Female,0,No,No
CUST-2079,Female,0,Yes,No
CUST-2080,Male,0,No,No
CUST-2081,Female,0,No,No
CUST-2082,Female,0,Yes,No
CUST-2083,Female,0,Yes,No
CUST-2084,Male,0,Yes,No
CUST-2085,Female,0,No,No
CUST-2086,Female,0,No,No
CUST-2087,Male,0,No,Yes
CUST-2088,Female,0,Yes,No
CUST-2089,Female,0,Yes,Yes
CUST-2090,Female,0,No,Yes
CUST-2091,Female,0,Yes,Yes
CUST-2092,Female,1,No,No
CUST-2093,Female,0,No,Yes
CUST-2094,Male,1,Yes,Yes
CUST-2095,Male,0,Yes,No
CUST-2096,Male,0,Yes,Yes
CUST-2097,Male,0,No,No
CUST-2098,Female,0,No,No
CUST-2099,Male,0,Yes,Yes
CUST-2100,Female,1,No,Yes
CUST-2101,Female,0,Yes,Yes
CUST-2102,Male,0,No,Yes
CUST-2103,Male,0,Yes,No
CUST-2104,Male,0,No,No
CUST-2105,Male,0,Yes,No
CUST-2106,Male,0,No,Yes
CUST-2107,Male,0,Yes,No
CUST-2108,Male,0,No,Yes
CUST-2109,Female,0,No,No
CUST-2110,Male,0,No,No
CUST-2111,Male,0,Yes,Yes
CUST-2112,Female,1,No,No
CUST-2113,Male,1,Yes,No
CUST-2114,Male,1,Yes,No
CUST-2115,Female,0,No,No
CUST-2116,Male,0,No,No
CUST-2117,Female,0,No,No
CUST-2118,Female,0,No,Yes
CUST-2119,Male,0,No,No
CUST-2120,Female,0,Yes,Yes
CUST-2121,Male,0,No,No
CUST-2122,Female,1,No,No
CUST-2123,Male,0,No,No
CUST-2124,Male,0,Yes,No
CUST-2125,Female,0,No,No
CUST-2126,Male,0,No,No
CUST-2127,Female,1,Yes,Yes
CUST-2128,Male,0,Yes,Yes
CUST-2129,Female,0,Yes,No
CUST-2130,Female,0,No,Yes
CUST-2131,Male,0,Yes,Yes
CUST-2132,Male,0,Yes,No
CUST-2133,Male,0,No,No
CUST-2134,Male,0,No,No
CUST-2135,Male,0,Yes,No
CUST-2136,Male,1,Yes,No
CUST-2137,Male,0,Yes,No
CUST-2138,Male,0,No,No
CUST-2139,Female,0,No,No
CUST-2140,Male,0,No,No
CUST-2141,Male,0,No,No
CUST-2142,Female,0,No,No
CUST-2143,Female,0,No,No
CUST-2144,Female,0,Yes,No
CUST-2145,Female,0,No,No
CUST-2146,Female,1,Yes,No
CUST-2147,Male,0,No,Yes
CUST-2148,Male,0,No,Yes
CUST-2149,Female,0,Yes,Yes
CUST-2150,Female,0,Yes,Yes
CUST-2151,Male,0,No,Yes
CUST-2152,Female,0,Yes,No
CUST-2153,Female,0,Yes,No
CUST-2154,Male,0,No,Yes
CUST-2155,Female,1,Yes,No
CUST-2156,Female,0,No,No
CUST-2157,Male,0,Yes,No
CUST-2158,Male,0,No,Yes
CUST-2159,Male,0,Yes,No
CUST-2160,Male,1,No,No
CUST-2161,Male,0,No,No
CUST-2162,Male,1,Yes,No
CUST-2163,Male,0,No,Yes
CUST-2164,Female,0,Yes,No
CUST-2165,Female,0,No,No
CUST-2166,Male,0,Yes,Yes
CUST-2167,Female,0,No,No
CUST-2168,Male,1,No,No
CUST-2169,Female,0,No,No
CUST-2170,Male,0,Yes,No
CUST-2171,Female,0,No,Yes
CUST-2172,Male,0,No,Yes
CUST-2173,Male,1,Yes,Yes
CUST-2174,Male,0,No,Yes
CUST-2175,Male,0,No,Yes
CUST-2176,Male,0,Yes,Yes
CUST-2177,Female,0,Yes,No
CUST-2178,Male,0,Yes,Yes
CUST-2179,Male,0,No,Yes
CUST-2180,Male,1,No,No
CUST-2181,Female,0,Yes,Yes
CUST-2182,Female,0,No,No
CUST-2183,Male,0,No,No
CUST-2184,Male,0,No,No
CUST-2185,Male,1,No,No
CUST-2186,Female,0,Yes,No
CUST-2187,Female,0,No,Yes
CUST-2188,Female,0,No,No
CUST-2189,Male,0,No,Yes
CUST-2190,Female,0,Yes,Yes
CUST-2191,Female,0,Yes,No
CUST-2192,Male,0,No,No
CUST-2193,Female,0,Yes,Yes
CUST-2194,Male,0,Yes,No
CUST-2195,Female,0,Yes,No
CUST-2196,Male,0,Yes,No
CUST-2197,Male,0,Yes,No
CUST-2198,Female,0,No,No
CUST-2199,Female,0,No,Yes
CUST-2200,Male,1,Yes,Yes
CUST-2201,Female,0,Yes,No
CUST-2202,Male,0,No,Yes
CUST-2203,Female,1,No,No
CUST-2204,Female,0,No,No
CUST-2205,Male,0,Yes,Yes
CUST-2206,Male,0,No,Yes
CUST-2207,Male,0,Yes,Yes
CUST-2208,Female,0,No,No
CUST-2209,Female,0,No,No
CUST-2210,Male,0,No,No
CUST-2211,Female,0,Yes,No
CUST-2212,Female,0,Yes,No
CUST-2213,Male,0,No,No
CUST-2214,Male,0,Yes,Yes
CUST-2215,Female,0,No,No
CUST-2216,Female,0,No,Yes
CUST-2217,Male,0,Yes,No
CUST-2218,Female,1,Yes,Yes
CUST-2219,Male,0,No,No
CUST-2220,Male,0,Yes,No
CUST-2221,Male,0,Yes,No
CUST-2222,Male,1,No,No
CUST-2223,Male,0,No,No
CUST-2224,Male,0,No,Yes
CUST-2225,Male,0,Yes,Yes
CUST-2226,Male,0,Yes,No
CUST-2227,Female,0,No,Yes
CUST-2228,Male,1,Yes,No
CUST-2229,Male,0,No,Yes
CUST-2230,Female,0,Yes,No
CUST-2231,Female,0,No,No
CUST-2232,Female,1,Yes,Yes
CUST-2233,Female,0,Yes,Yes
CUST-2234,Male,1,No,Yes
CUST-2235,Male,0,No,No
CUST-2236,Male,1,No,No
CUST-2237,Male,0,Yes,No
CUST-2238,Female,0,Yes,No
CUST-2239,Female,0,No,No
CUST-2240,Female,0,Yes,Yes
CUST-2241,Male,1,No,No
CUST-2242,Female,0,Yes,No
CUST-2243,Male,0,Yes,No
CUST-2244,Female,0,No,Yes
CUST-2245,Female,0,No,No
CUST-2246,Female,0,Yes,No
CUST-2247,Male,0,Yes,Yes
CUST-2248,Male,0,Yes,No
CUST-2249,Male,0,No,No
CUST-2250,Female,0,Yes,Yes
CUST-2251,Male,0,No,No
CUST-2252,Female,0,No,No
CUST-2253,Male,0,No,No
CUST-2254,Male,0,Yes,No
CUST-2255,Female,0,No,No
CUST-2256,Male,0,No,Yes
CUST-2257,Female,0,No,No
CUST-2258,Female,0,Yes,No
CUST-2259,Female,0,No,No
CUST-2260,Male,0,No,No
CUST-2261,Female,1,Yes,Yes
CUST-2262,Male,0,No,No
CUST-2263,Male,0,No,Yes
CUST-2264,Male,0,No,No
CUST-2265,Female,0,No,No
CUST-2266,Female,0,No,No
CUST-2267,Female,0,No,Yes
CUST-2268,Female,0,Yes,No
CUST-2269,Female,0,No,No
CUST-2270,Male,0,No,No
CUST-2271,Female,0,Yes,No
CUST-2272,Male,0,Yes,Yes
CUST-2273,Male,0,Yes,Yes
CUST-2274,Male,0,Yes,No
CUST-2275,Male,1,No,Yes
CUST-2276,Female,0,Yes,No
CUST-2277,Male,0,No,No
CUST-2278,Male,0,Yes,Yes
CUST-2279,Male,0,Yes,Yes
CUST-2280,Female,0,No,Yes
CUST-2281,Female,0,Yes,Yes
CUST-2282,Female,0,Yes,Yes
CUST-2283,Female,0,Yes,Yes
CUST-2284,Male,1,No,Yes
CUST-2285,Female,0,No,No
CUST-2286,Male,0,Yes,No
CUST-2287,Female,0,Yes,No
CUST-2288,Female,1,No,No
CUST-2289,Female,0,Yes,Yes
CUST-2290,Female,0,No,Yes
CUST-2291,Female,0,No,No
CUST-2292,Male,1,Yes,No
CUST-2293,Female,0,No,No
CUST-2294,Male,0,No,No
CUST-2295,Male,0,Yes,No
CUST-2296,Female,0,No,Yes
CUST-2297,Male,0,No,No
CUST-2298,Female,0,No,No
CUST-2299,Female,0,No,No
CUST-2300,Male,0,Yes,No
CUST-2301,Female,1,No,No
CUST-2302,Male,0,Yes,No
CUST-2303,Female,1,Yes,No
CUST-2304,Female,0,Yes,Yes
CUST-2305,Male,0,Yes,No
CUST-2306,Male,0,No,No
CUST-2307,Female,0,No,Yes
CUST-2308,Female,0,No,No
CUST-2309,Female,0,Yes,No
CUST-2310,Female,0,No,Yes
CUST-2311,Male,1,No,Yes
CUST-2312,Female,0,Yes,No
CUST-2313,Female,0,No,No
CUST-2314,Female,0,Yes,No
CUST-2315,Male,0,No,No
CUST-2316,Male,0,Yes,Yes
CUST-2317,Male,0,Yes,No
CUST-2318,Female,0,Yes,Yes
CUST-2319,Female,0,No,No
CUST-2320,Female,0,No,No
CUST-2321,Male,0,Yes,No
CUST-2322,Male,0,No,No
CUST-2323,Female,1,Yes,No
CUST-2324,Female,1,No,No
CUST-2325,Male,1,No,No
CUST-2326,Male,0,Yes,Yes
CUST-2327,Male,0,No,No
CUST-2328,Female,0,Yes,No
CUST-2329,Female,0,No,No
CUST-2330,Female,0,Yes,No
CUST-2331,Female,0,No,Yes
CUST-2332,Female,0,Yes,No
CUST-2333,Female,0,Yes,Yes
CUST-2334,Male,1,Yes,No
CUST-2335,Female,0,No,Yes
CUST-2336,Female,1,Yes,No
CUST-2337,Male,0,No,No
CUST-2338,Female,0,Yes,No
CUST-2339,Male,0,Yes,No
CUST-2340,Male,0,No,No
CUST-2341,Male,0,Yes,Yes
CUST-2342,Female,1,No,No
CUST-2343,Male,1,No,No
CUST-2344,Female,0,Yes,No
CUST-2345,Female,0,Yes,No
CUST-2346,Female,1,No,No
CUST-2347,Female,0,Yes,Yes
CUST-2348,Female,0,No,No
CUST-2349,Female,0,No,No
CUST-2350,Female,0,No,No
CUST-2351,Male,0,Yes,No
CUST-2352,Male,0,Yes,No
CUST-2353,Male,1,Yes,No
CUST-2354,Female,0,No,Yes
CUST-2355,Male,1,Yes,Yes
CUST-2356,Male,0,Yes,No
CUST-2357,Male,1,Yes,No
CUST-2358,Male,0,Yes,Yes
CUST-2359,Female,0,Yes,No
CUST-2360,Female,0,No,Yes
CUST-2361,Male,0,Yes,No
CUST-2362,Female,0,No,No
CUST-2363,Female,0,Yes,No
CUST-2364,Male,0,Yes,No
CUST-2365,Male,1,No,Yes
CUST-2366,Male,0,No,Yes
CUST-2367,Male,1,No,No
CUST-2368,Male,0,Yes,No
CUST-2369,Male,0,No,Yes
CUST-2370,Female,0,Yes,No
CUST-2371,Female,0,No,No
CUST-2372,Male,0,Yes,No
CUST-2373,Female,1,No,No
CUST-2374,Female,0,Yes,No
CUST-2375,Female,1,No,No
CUST-2376,Female,0,Yes,No
CUST-2377,Female,0,No,No
CUST-2378,Male,0,No,No
CUST-2379,Female,0,Yes,Yes
CUST-2380,Male,0,Yes,No
CUST-2381,Male,0,No,No
CUST-2382,Female,0,Yes,Yes
CUST-2383,Male,0,Yes,No
CUST-2384,Male,0,No,No
CUST-2385,Male,0,Yes,No
CUST-2386,Male,0,No,No
CUST-2387,Female,0,Yes,Yes
CUST-2388,Male,1,Yes,No
CUST-2389,Male,0,Yes,No
CUST-2390,Male,0,Yes,Yes
CUST-2391,Male,1,Yes,No
CUST-2392,Female,0,Yes,No
CUST-2393,Male,0,Yes,No
CUST-2394,Male,0,No,Yes
CUST-2395,Female,0,No,Yes
CUST-2396,Male,1,No,No
CUST-2397,Male,0,Yes,Yes
CUST-2398,Male,0,No,No
CUST-2399,Female,0,Yes,Yes
CUST-2400,Female,0,No,Yes
CUST-2401,Male,0,Yes,No
CUST-2402,Female,0,Yes,No
CUST-2403,Female,0,Yes,No
CUST-2404,Male,1,Yes,No
CUST-2405,Male,0,Yes,Yes
CUST-2406,Male,1,Yes,No
CUST-2407,Female,0,Yes,No
CUST-2408,Male,1,No,Yes
CUST-2409,Female,0,No,Yes
CUST-2410,Male,0,Yes,Yes
CUST-2411,Male,0,Yes,Yes
CUST-2412,Male,0,No,No
CUST-2413,Female,0,Yes,No
CUST-2414,Male,0,No,No
CUST-2415,Female,0,Yes,No
CUST-2416,Female,1,No,Yes
CUST-2417,Female,0,No,Yes
CUST-2418,Male,0,No,Yes
CUST-2419,Male,1,Yes,Yes
CUST-2420,Male,0,No,No
CUST-2421,Female,0,No,No
CUST-2422,Male,0,Yes,Yes
CUST-2423,Female,0,Yes,No
CUST-2424,Female,0,No,No
CUST-2425,Male,0,No,No
CUST-2426,Male,0,Yes,No
CUST-2427,Male,1,No,No
CUST-2428,Male,0,No,No
CUST-2429,Male,0,Yes,Yes
CUST-2430,Male,0,No,No
CUST-2431,Male,0,Yes,No
CUST-2432,Male,1,No,Yes
CUST-2433,Female,0,Yes,No
CUST-2434,Female,0,No,Yes
CUST-2435,Female,0,Yes,No
CUST-2436,Male,0,No,No
CUST-2437,Female,0,No,No
CUST-2438,Male,0,Yes,No
CUST-2439,Female,0,Yes,No
CUST-2440,Female,0,Yes,No
CUST-2441,Female,0,No,No
CUST-2442,Male,0,Yes,Yes
CUST-2443,Female,0,Yes,No
CUST-2444,Male,0,Yes,No
CUST-2445,Female,0,No,Yes
CUST-2446,Male,0,No,No
CUST-2447,Male,0,No,No
CUST-2448,Female,0,Yes,Yes
CUST-2449,Female,1,No,No
CUST-2450,Female,0,Yes,Yes
CUST-2451,Female,1,Yes,No
CUST-2452,Male,0,Yes,Yes
CUST-2453,Male,0,No,No
CUST-2454,Male,0,Yes,Yes
CUST-2455,Male,0,No,No
CUST-2456,Female,0,No,No
CUST-2457,Female,0,Yes,No
CUST-2458,Female,0,No,Yes
CUST-2459,Female,0,Yes,Yes
CUST-2460,Female,0,Yes,No
CUST-2461,Male,0,No,Yes
CUST-2462,Male,0,Yes,Yes
CUST-2463,Male,1,No,No
CUST-2464,Female,0,Yes,Yes
CUST-2465,Male,0,No,Yes
CUST-2466,Female,0,Yes,No
CUST-2467,Male,0,No,No
CUST-2468,Male,0,No,Yes
CUST-2469,Female,0,No,No
CUST-2470,Female,0,Yes,No
CUST-2471,Female,0,Yes,No
CUST-2472,Male,1,Yes,No
CUST-2473,Female,0,Yes,No
CUST-2474,Male,0,Yes,No
CUST-2475,Male,0,No,Yes
CUST-2476,Male,0,No,No
CUST-2477,Male,0,No,Yes
CUST-2478,Female,0,Yes,No
CUST-2479,Female,0,No,No
CUST-2480,Female,1,No,No
CUST-2481,Female,0,Yes,Yes
CUST-2482,Female,0,No,No
CUST-2483,Female,0,No,No
CUST-2484,Female,1,Yes,Yes
CUST-2485,Female,0,No,Yes
CUST-2486,Female,1,No,No
CUST-2487,Female,0,No,No
CUST-2488,Male,0,No,Yes
CUST-2489,Female,1,No,No
CUST-2490,Female,0,No,Yes
CUST-2491,Male,1,No,No
CUST-2492,Female,1,No,No
CUST-2493,Female,0,Yes,Yes
CUST-2494,Female,0,Yes,No
CUST-2495,Female,0,No,No
CUST-2496,Female,0,Yes,No
CUST-2497,Male,0,Yes,No
CUST-2498,Male,0,Yes,No
CUST-2499,Male,0,No,No
